{"LaBSE": 0.8827297520136995, "all-MiniLM-L12-v1": 0.8280903152153232, "all-MiniLM-L12-v2": 0.7949197691380732, "all-MiniLM-L6-v1": 0.8076679139975899, "all-MiniLM-L6-v2": 0.8384283630367223, "all-distilroberta-v1": 0.8624024862053656, "all-mpnet-base-v1": 0.8703304369886472, "all-mpnet-base-v2": 0.8282488742309888, "all-roberta-large-v1": 0.8118538720111625, "allenai-specter": 0.8005327582926365, "average_word_embeddings_glove.6B.300d": 0.8829200228324983, "average_word_embeddings_glove.840B.300d": 0.8732796346800279, "average_word_embeddings_komninos": 0.8830468700450308, "average_word_embeddings_levy_dependency": 0.8777509989217986, "bert-base-nli-cls-token": 0.8716623327202385, "bert-base-nli-max-tokens": 0.8740724297583561, "bert-base-nli-mean-tokens": 0.8776875753155324, "bert-base-nli-stsb-mean-tokens": 0.8758800025369442, "bert-base-wikipedia-sections-mean-tokens": 0.8170228959218622, "bert-large-nli-cls-token": 0.8910065326314455, "bert-large-nli-max-tokens": 0.8984588063677301, "bert-large-nli-mean-tokens": 0.896682945392275, "bert-large-nli-stsb-mean-tokens": 0.8928141054100336, "clip-ViT-B-32-multilingual-v1": 0.7319401281156847, "distilbert-base-nli-max-tokens": 0.8698230481385172, "distilbert-base-nli-mean-tokens": 0.8677934927379971, "distilbert-base-nli-stsb-mean-tokens": 0.8769899156466037, "distilbert-base-nli-stsb-quora-ranking": 0.8040210566372804, "distilbert-multilingual-nli-stsb-quora-ranking": 0.8032916851652185, "distilroberta-base-msmarco-v1": 0.8260924716179362, "distilroberta-base-msmarco-v2": 0.8387454810680536, "distilroberta-base-paraphrase-v1": 0.8587873406481893, "distiluse-base-multilingual-cased-v1": 0.7888945265427793, "distiluse-base-multilingual-cased-v2": 0.8142956808524132, "distiluse-base-multilingual-cased": 0.8142956808524132, "facebook-dpr-ctx_encoder-multiset-base": 0.7812202701845627, "facebook-dpr-ctx_encoder-single-nq-base": 0.8271389611213293, "facebook-dpr-question_encoder-multiset-base": 0.8938605949134267, "facebook-dpr-question_encoder-single-nq-base": 0.9010908860277795, "gtr-t5-base": 0.8724551277985666, "gtr-t5-large": 0.8970317752267394, "gtr-t5-xl": 0.8957950149045475, "msmarco-MiniLM-L-12-v3": 0.8493055115113846, "msmarco-MiniLM-L-6-v3": 0.8307858184816389, "msmarco-MiniLM-L12-cos-v5": 0.8433119807192236, "msmarco-MiniLM-L6-cos-v5": 0.8299295997970445, "msmarco-bert-base-dot-v5": 0.8532377750998922, "msmarco-bert-co-condensor": 0.8312614955286357, "msmarco-distilbert-base-dot-prod-v3": 0.8407750364685737, "msmarco-distilbert-base-tas-b": 0.8694425065009196, "msmarco-distilbert-base-v2": 0.8376355679583941, "msmarco-distilbert-base-v3": 0.8430899980972918, "msmarco-distilbert-base-v4": 0.8316420371662333, "msmarco-distilbert-cos-v5": 0.8312297837255026, "msmarco-distilbert-dot-v5": 0.8465465846388026, "msmarco-distilbert-multilingual-en-de-v2-tmp-lng-aligned": 0.837603856155261, "msmarco-distilbert-multilingual-en-de-v2-tmp-trained-scratch": 0.8047187163062092, "msmarco-distilroberta-base-v2": 0.8387454810680536, "msmarco-roberta-base-ance-firstp": 0.8823809221792351, "msmarco-roberta-base-v2": 0.8432485571129574, "msmarco-roberta-base-v3": 0.8653199720936132, "multi-qa-MiniLM-L6-cos-v1": 0.8290099575061838, "multi-qa-MiniLM-L6-dot-v1": 0.8146445106868777, "multi-qa-distilbert-cos-v1": 0.8411555781061711, "multi-qa-distilbert-dot-v1": 0.8332910509291558, "multi-qa-mpnet-base-cos-v1": 0.8552673305004123, "multi-qa-mpnet-base-dot-v1": 0.8640197881651551, "nli-bert-base-cls-pooling": 0.8716623327202385, "nli-bert-base-max-pooling": 0.8740724297583561, "nli-bert-base": 0.8776875753155324, "nli-bert-large-cls-pooling": 0.8910065326314455, "nli-bert-large-max-pooling": 0.8984588063677301, "nli-bert-large": 0.896682945392275, "nli-distilbert-base-max-pooling": 0.8698230481385172, "nli-distilbert-base": 0.8677934927379971, "nli-distilroberta-base-v2": 0.8501300183928459, "nli-mpnet-base-v2": 0.8694425065009196, "nli-roberta-base-v2": 0.874040717955223, "nli-roberta-base": 0.9005200735713833, "nli-roberta-large": 0.9217035580643116, "nq-distilbert-base-v1": 0.8445170292382825, "paraphrase-MiniLM-L12-v2": 0.8777827107249319, "paraphrase-MiniLM-L3-v2": 0.8078264730132555, "paraphrase-MiniLM-L6-v2": 0.8389991754931185, "paraphrase-TinyBERT-L6-v2": 0.8270121139087968, "paraphrase-albert-base-v2": 0.8270755375150631, "paraphrase-albert-small-v2": 0.8066214244941967, "paraphrase-distilroberta-base-v1": 0.8587873406481893, "paraphrase-distilroberta-base-v2": 0.9187860721760639, "paraphrase-mpnet-base-v2": 0.9086065833703304, "paraphrase-multilingual-MiniLM-L12-v2": 0.8109342297203019, "paraphrase-multilingual-mpnet-base-v2": 0.8341155578106171, "paraphrase-xlm-r-multilingual-v1": 0.8487346990549882, "quora-distilbert-base": 0.8040210566372804, "quora-distilbert-multilingual": 0.8032916851652185, "roberta-base-nli-mean-tokens": 0.9005200735713833, "roberta-base-nli-stsb-mean-tokens": 0.9037546774909622, "roberta-large-nli-mean-tokens": 0.9217035580643116, "roberta-large-nli-stsb-mean-tokens": 0.9028667470032345, "sentence-t5-base": 0.9003298027525846, "sentence-t5-large": 0.9417454176444473, "sentence-t5-xl": 0.9526859897253758, "voyage-02": 0.9204350859389865}